,timestamp,location,price,CarID,FirstName,LastName,lat,long
0,1/6/2014 7:28,Brew've Been Served,11.34,34.0,Edvard,Vann,36.04802146,24.87956951
1,1/6/2014 7:34,Hallowed Grounds,52.22,12.0,Hideki,Cocinaro,36.05410986,24.901236899999997
2,1/6/2014 7:35,Brew've Been Served,8.33,20.0,Stenig,Fusil,36.05412583,24.90116992
3,1/6/2014 7:36,Hallowed Grounds,16.72,19.0,Birgitta,Frente,36.05409249,24.90124384
4,1/6/2014 7:37,Brew've Been Served,4.24,17.0,Sven,Flecha,36.06370658,24.88589346
5,1/6/2014 7:42,Coffee Cameleon,28.73,6.0,Linnea,Bergen,36.07332687,24.86420218
6,1/6/2014 7:43,Brew've Been Served,16.9,33.0,Brand,Tempestad,36.04802557,24.8795711
7,1/6/2014 7:48,Hallowed Grounds,10.66,28.0,Kare,Orilla,36.05466235,24.88982648
8,1/6/2014 7:49,Coffee Cameleon,8.39,29.0,Bertrand,Ovan,36.05406564,24.90125059
9,1/6/2014 7:52,Brew've Been Served,32.83,21.0,Hennie,Osvaldo,36.05844706,24.90102032
10,1/6/2014 7:54,Hallowed Grounds,16.88,8.0,Nils,Calixto,36.08172065,24.85095443
11,1/6/2014 7:54,Coffee Cameleon,11.86,25.0,Adra,Nubarron,36.04802407,24.87957179
12,1/6/2014 7:55,Hallowed Grounds,8.05,1.0,Lucas,Alcazar,36.08173037,24.85094775
13,1/6/2014 7:55,Brew've Been Served,3.67,23.0,Varja,Lagos,36.05405606,24.9011923
14,1/6/2014 7:59,Brew've Been Served,8.88,13.0,Inga,Ferro,36.06364176,24.88595173
15,1/6/2014 8:01,Hallowed Grounds,10.07,14.0,Lidelse,Dedos,36.054064399999994,24.90122427
16,1/6/2014 8:06,Brew've Been Served,18.24,15.0,Loreto,Bodrogi,36.04862327,24.87957127
17,1/6/2014 8:16,Brew've Been Served,14.97,22.0,Kanon,Herrero,36.04802981,24.87957484
18,1/6/2014 8:16,Brew've Been Served,11.2,23.0,Linda,Lagos,36.04803081,24.8795655
19,1/6/2014 12:00,Bean There Done That,10.28,2.0,Lars,Azada,36.04802128,24.87957141
20,1/6/2014 12:00,Brewed Awakenings,5.72,4.0,Ingrid,Barranco,36.04802567,24.87957196
21,1/6/2014 12:00,Jack's Magical Beans,11.03,5.0,Isak,Baza,36.04803242,24.87956633
22,1/6/2014 12:00,Brewed Awakenings,16.89,7.0,Isande,Borrasca,36.04803244,24.87957595
23,1/6/2014 12:00,Bean There Done That,8.54,9.0,Axel,Calzas,36.05448744,24.89991204
24,1/6/2014 12:00,Brewed Awakenings,4.35,10.0,Ada,Campo-Corrente,36.04802331,24.87957323
25,1/6/2014 12:00,Bean There Done That,5.24,11.0,Gustav,Cazar,36.04802351,24.87957186
26,1/6/2014 12:00,Bean There Done That,4.27,19.0,Vira,Frente,36.05195249,24.87079051
27,1/6/2014 12:00,Jack's Magical Beans,27.84,32.0,Orhan,Strum,36.05194707,24.87081288
28,1/6/2014 12:00,Jack's Magical Beans,18.1,35.0,Willem,Vasco-Pais,36.05852906,24.88090849
29,1/6/2014 12:57,Hippokampos,9.16,32.0,Orhan,Strum,36.05194151,24.870774100000002
30,1/6/2014 13:19,Gelatogalore,12.74,6.0,Linnea,Bergen,36.05195855,24.87078366
31,1/6/2014 13:21,Hippokampos,28.23,1.0,Lucas,Alcazar,36.05579344,24.90248976
32,1/6/2014 13:22,Ouzeri Elian,38.9,7.0,Isande,Borrasca,36.05971316,24.85806416
33,1/6/2014 13:23,Hippokampos,13.26,34.0,Edvard,Vann,36.05579482,24.90254612
34,1/6/2014 13:24,Guy's Gyros,15.44,2.0,Lars,Azada,36.05574647,24.90249482
35,1/6/2014 13:27,Abila Zacharo,30.08,4.0,Ingrid,Barranco,36.05451653,24.89995897
36,1/6/2014 13:27,Abila Zacharo,50.14,22.0,Kanon,Herrero,36.05663723,24.86464388
37,1/6/2014 13:30,Guy's Gyros,16.92,17.0,Sven,Flecha,36.05448156,24.89994451
38,1/6/2014 13:35,Abila Zacharo,92.05,34.0,Isia,Vann,36.05579482,24.90254612
39,1/6/2014 13:37,Ouzeri Elian,20.56,20.0,Stenig,Fusil,36.06342993,24.85102683
40,1/6/2014 13:39,Guy's Gyros,11.22,26.0,Marin,Onda,36.05974297,24.85805588
41,1/6/2014 13:41,Gelatogalore,22.64,8.0,Nils,Calixto,36.0766893,24.85762081
42,1/6/2014 13:42,Ouzeri Elian,20.4,19.0,Vira,Frente,36.05197398,24.87081788
43,1/6/2014 13:46,Guy's Gyros,30.82,3.0,Felix,Balas,36.04802499,24.87957132
44,1/6/2014 13:46,Katerina's Cafe,18.56,5.0,Isak,Baza,36.04802986,24.87957079
45,1/6/2014 13:46,Guy's Gyros,99.67,35.0,Willem,Vasco-Pais,36.04802531,24.87957389
46,1/6/2014 13:47,Kalami Kafenion,22.13,11.0,Gustav,Cazar,36.06344312,24.85100931
47,1/6/2014 13:50,Katerina's Cafe,13.59,14.0,Lidelse,Dedos,36.05446921,24.89990307
48,1/6/2014 13:50,Katerina's Cafe,32.64,19.0,Birgitta,Frente,36.04802497,24.87957677
49,1/6/2014 13:52,Gelatogalore,36.33,28.0,Kare,Orilla,36.05110402,24.87163205
50,1/6/2014 13:53,Katerina's Cafe,36.95,25.0,Adra,Nubarron,36.04803134,24.87957248
51,1/6/2014 13:54,Abila Zacharo,23.15,21.0,Hennie,Osvaldo,36.04802746,24.87956869
52,1/6/2014 13:59,Katerina's Cafe,39.41,15.0,Loreto,Bodrogi,36.04802098,24.87957681
53,1/6/2014 14:00,Gelatogalore,23.41,13.0,Inga,Ferro,36.05025222,24.8869896
54,1/6/2014 14:05,Abila Zacharo,78.11,12.0,Hideki,Cocinaro,36.05979199,24.8579782
55,1/6/2014 17:28,U-Pump,59.51,23.0,Varja,Lagos,36.04802943,24.87956511
56,1/6/2014 18:56,Katerina's Cafe,78.65,23.0,Linda,Lagos,36.07524082,24.85631656
57,1/6/2014 19:18,Guy's Gyros,39.29,17.0,Sven,Flecha,36.05451552,24.89994371
58,1/6/2014 19:50,Frydos Autosupply n' More,273.87,28.0,Elsa,Orilla,36.05449177,24.89995029
59,1/6/2014 20:15,Guy's Gyros,117.82,20.0,Stenig,Fusil,36.05448569,24.89993846
60,1/6/2014 20:20,Hippokampos,35.34,11.0,Gustav,Cazar,36.05579646,24.90256122
61,1/6/2014 20:24,Guy's Gyros,28.94,13.0,Inga,Ferro,36.06343077,24.89612466
62,1/6/2014 20:26,Albert's Fine Clothing,276.9,1.0,Lucas,Alcazar,36.07664622,24.85762992
63,1/6/2014 20:28,Guy's Gyros,95.29,12.0,Hideki,Cocinaro,36.05572244,24.90252861
64,1/6/2014 20:29,Hippokampos,85.5,19.0,Vira,Frente,36.06589799,24.90103414
65,1/6/2014 20:33,Katerina's Cafe,15.52,29.0,Bertrand,Ovan,36.05845679,24.90105528
66,1/6/2014 20:59,Katerina's Cafe,26.1,28.0,Kare,Orilla,36.05943187,24.89483042
67,1/6/2014 21:23,Frydos Autosupply n' More,197.32,25.0,Adra,Nubarron,36.05503511,24.90176992
68,1/6/2014 21:32,Frydos Autosupply n' More,314.98,26.0,Marin,Onda,36.06928237,24.88422138
69,1/7/2014 7:27,Brew've Been Served,5.08,17.0,Sven,Flecha,36.06338101,24.89610903
70,1/7/2014 7:33,Brew've Been Served,7.09,34.0,Edvard,Vann,36.04802238,24.87956548
71,1/7/2014 7:35,Hallowed Grounds,14.05,8.0,Nils,Calixto,36.08180684,24.85087536
72,1/7/2014 7:41,Hallowed Grounds,19.59,14.0,Lidelse,Dedos,36.073336499999996,24.86416714
73,1/7/2014 7:45,Brew've Been Served,19.6,20.0,Stenig,Fusil,36.05796566,24.90387844
74,1/7/2014 7:46,Hallowed Grounds,84.44,1.0,Lucas,Alcazar,36.08548635,24.860405399999998
75,1/7/2014 7:46,Coffee Cameleon,9.1,29.0,Bertrand,Ovan,36.05410758,24.90123874
76,1/7/2014 7:47,Hallowed Grounds,7.88,26.0,Marin,Onda,36.0636234,24.88587274
77,1/7/2014 7:48,Hallowed Grounds,18.97,12.0,Hideki,Cocinaro,36.05402982,24.9012263
78,1/7/2014 7:49,Coffee Cameleon,27.66,6.0,Linnea,Bergen,36.069632,24.869738899999998
79,1/7/2014 7:50,Hallowed Grounds,9.61,28.0,Kare,Orilla,36.05468469,24.88979106
80,1/7/2014 7:54,Brew've Been Served,11.92,22.0,Kanon,Herrero,36.05409632,24.90116971
81,1/7/2014 7:55,Brew've Been Served,69.06,23.0,Varja,Lagos,36.054118599999995,24.90124367
82,1/7/2014 7:56,Brew've Been Served,98.53,33.0,Brand,Tempestad,36.04803225,24.87956698
83,1/7/2014 8:00,Coffee Cameleon,11.55,25.0,Adra,Nubarron,36.04802883,24.87956991
84,1/7/2014 8:01,Hallowed Grounds,9.92,19.0,Birgitta,Frente,36.04802256,24.87956836
85,1/7/2014 8:02,Brew've Been Served,14.49,21.0,Hennie,Osvaldo,36.05147341,24.89844385
86,1/7/2014 8:06,Brew've Been Served,3.03,13.0,Inga,Ferro,36.04803085,24.87956572
87,1/7/2014 8:09,Brew've Been Served,15.66,23.0,Linda,Lagos,36.04802618,24.87956776
88,1/7/2014 12:00,Bean There Done That,51.25,2.0,Lars,Azada,36.04802926,24.87956615
89,1/7/2014 12:00,Brewed Awakenings,12.17,4.0,Ingrid,Barranco,36.04803137,24.87957058
90,1/7/2014 12:00,Jack's Magical Beans,23.68,5.0,Isak,Baza,36.05666394,24.86167529
91,1/7/2014 12:00,Brewed Awakenings,64.84,15.0,Loreto,Bodrogi,36.05580677,24.90250023
92,1/7/2014 12:00,Brewed Awakenings,71.59,7.0,Isande,Borrasca,36.04802308,24.87957351
93,1/7/2014 12:00,Bean There Done That,53.89,9.0,Axel,Calzas,36.04803136,24.87957586
94,1/7/2014 12:00,Brewed Awakenings,6.72,10.0,Ada,Campo-Corrente,36.04802867,24.87956943
95,1/7/2014 12:00,Bean There Done That,8.03,11.0,Gustav,Cazar,36.04802528,24.87957631
96,1/7/2014 12:00,Bean There Done That,46.25,19.0,Vira,Frente,36.05577973,24.90255443
97,1/7/2014 12:00,Jack's Magical Beans,19.61,32.0,Orhan,Strum,36.04802857,24.87957581
98,1/7/2014 12:00,Jack's Magical Beans,69.84,35.0,Willem,Vasco-Pais,36.05842673,24.88549944
99,1/7/2014 13:13,Guy's Gyros,29.57,32.0,Orhan,Strum,36.06346181,24.85102335
100,1/7/2014 13:20,Guy's Gyros,38.56,34.0,Isia,Vann,36.05978441,24.85797552
101,1/7/2014 13:24,Kalami Kafenion,45.05,22.0,Kanon,Herrero,36.054505799999994,24.8999181
102,1/7/2014 13:25,Abila Zacharo,82.25,5.0,Isak,Baza,36.05975474,24.85804622
103,1/7/2014 13:29,Ouzeri Elian,29.1,25.0,Adra,Nubarron,36.05977986,24.85807315
104,1/7/2014 13:33,Abila Zacharo,52.72,4.0,Ingrid,Barranco,36.05855042,24.856562300000004
105,1/7/2014 13:33,Gelatogalore,34.04,6.0,Linnea,Bergen,36.04803122,24.87956554
106,1/7/2014 13:33,Katerina's Cafe,22.27,8.0,Nils,Calixto,36.06296059,24.85510715
107,1/7/2014 13:33,Guy's Gyros,11.31,20.0,Stenig,Fusil,36.05979723,24.85805209
108,1/7/2014 13:33,Kalami Kafenion,18.06,34.0,Edvard,Vann,36.05978441,24.85797552
109,1/7/2014 13:34,Ouzeri Elian,64.84,19.0,Vira,Frente,36.05583052,24.90257177
110,1/7/2014 13:37,Gelatogalore,21.52,1.0,Lucas,Alcazar,36.04802666,24.87956661
111,1/7/2014 13:39,Gelatogalore,17.21,21.0,Hennie,Osvaldo,36.04803064,24.87957165
112,1/7/2014 13:41,Abila Zacharo,17.81,33.0,Brand,Tempestad,36.05664736,24.86995638
113,1/7/2014 13:45,Kalami Kafenion,22.83,9.0,Axel,Calzas,36.04802925,24.87957391
114,1/7/2014 13:46,Guy's Gyros,10.11,3.0,Felix,Balas,36.05194666,24.8768757
115,1/7/2014 13:46,Kalami Kafenion,22.14,12.0,Hideki,Cocinaro,36.06347119,24.85103357
116,1/7/2014 13:50,Ouzeri Elian,21.85,23.0,Linda,Lagos,36.05449294,24.89988711
117,1/7/2014 13:52,Gelatogalore,71.77,14.0,Lidelse,Dedos,36.07662481,24.85762328
118,1/7/2014 13:53,Hippokampos,51.69,15.0,Loreto,Bodrogi,36.04802915,24.87956875
119,1/7/2014 13:54,Gelatogalore,88.97,29.0,Bertrand,Ovan,36.05192227,24.87080928
120,1/7/2014 13:55,Abila Zacharo,65.9,13.0,Inga,Ferro,36.05975308,24.8580772
121,1/7/2014 13:56,Ouzeri Elian,16.2,11.0,Gustav,Cazar,36.05013633,24.87957115
122,1/7/2014 14:00,Hippokampos,76.11,28.0,Kare,Orilla,36.05974426,24.85800307
123,1/7/2014 14:09,Guy's Gyros,12.57,19.0,Birgitta,Frente,36.04802404,24.87956835
124,1/7/2014 20:01,Hippokampos,20.17,9.0,Axel,Calzas,36.07663382,24.85760204
125,1/7/2014 20:10,Guy's Gyros,26.82,34.0,Edvard,Vann,36.07623857,24.87467962
126,1/7/2014 20:11,Guy's Gyros,76.71,33.0,Brand,Tempestad,36.05577046,24.90256776
127,1/7/2014 20:12,Katerina's Cafe,55.63,14.0,Lidelse,Dedos,36.05582368,24.902511999999998
128,1/7/2014 20:14,Guy's Gyros,62.33,15.0,Loreto,Bodrogi,36.05584017,24.90253081
129,1/7/2014 20:15,Ouzeri Elian,11.41,28.0,Elsa,Orilla,36.05443592,24.89986709
130,1/7/2014 20:19,Guy's Gyros,89.76,34.0,Isia,Vann,36.07623857,24.87467962
131,1/7/2014 20:32,Katerina's Cafe,19.53,29.0,Bertrand,Ovan,36.05842397,24.90097063
132,1/7/2014 20:47,Katerina's Cafe,32.83,28.0,Kare,Orilla,36.05951469,24.89483012
133,1/7/2014 20:51,Hippokampos,32.99,32.0,Orhan,Strum,36.06243091,24.89879427
134,1/7/2014 21:19,Katerina's Cafe,18.35,26.0,Marin,Onda,36.06929473,24.88417655
135,1/8/2014 7:31,Brew've Been Served,15.66,34.0,Isia,Vann,36.04803176,24.87957201
136,1/8/2014 7:39,Hallowed Grounds,12.19,12.0,Hideki,Cocinaro,36.05403277,24.90118612
137,1/8/2014 7:39,Hallowed Grounds,8.15,14.0,Lidelse,Dedos,36.05412728,24.90124428
138,1/8/2014 7:39,Hallowed Grounds,8.28,26.0,Marin,Onda,36.06365867,24.88588405
139,1/8/2014 7:43,Hallowed Grounds,3.4,19.0,Birgitta,Frente,36.05405913,24.90121876
140,1/8/2014 7:47,Hallowed Grounds,3.11,28.0,Kare,Orilla,36.05467962,24.88977069
141,1/8/2014 7:48,Brew've Been Served,32.92,15.0,Loreto,Bodrogi,36.04803101,24.87956942
142,1/8/2014 7:48,Brew've Been Served,8.27,20.0,Stenig,Fusil,36.05410794,24.901272100000003
143,1/8/2014 7:48,Brew've Been Served,19.17,33.0,Brand,Tempestad,36.06769889,24.9025445
144,1/8/2014 7:50,Brew've Been Served,33.68,21.0,Hennie,Osvaldo,36.05851345,24.90105133
145,1/8/2014 7:51,Coffee Cameleon,6.59,6.0,Linnea,Bergen,36.07333317,24.86420447
146,1/8/2014 7:52,Coffee Cameleon,12.26,29.0,Bertrand,Ovan,36.05404395,24.90124284
147,1/8/2014 7:55,Hallowed Grounds,79.92,8.0,Nils,Calixto,36.08179062,24.85089206
148,1/8/2014 7:55,Brew've Been Served,91.87,23.0,Varja,Lagos,36.06250671,24.89877023
149,1/8/2014 7:56,Hallowed Grounds,12.86,1.0,Lucas,Alcazar,36.08178968,24.85087698
150,1/8/2014 7:59,Coffee Cameleon,15.71,25.0,Adra,Nubarron,36.04802558,24.87957497
151,1/8/2014 8:01,Brew've Been Served,17.13,13.0,Inga,Ferro,36.04803274,24.87957446
152,1/8/2014 8:01,Brew've Been Served,3.42,17.0,Sven,Flecha,36.04802206,24.87957009
153,1/8/2014 8:09,Brew've Been Served,11.48,23.0,Linda,Lagos,36.05797143,24.90220979
154,1/8/2014 8:16,Brew've Been Served,7.26,22.0,Kanon,Herrero,36.04802572,24.87956536
155,1/8/2014 12:00,Bean There Done That,17.45,2.0,Lars,Azada,36.048021999999996,24.87957213
156,1/8/2014 12:00,Brewed Awakenings,11.73,4.0,Ingrid,Barranco,36.0480321,24.87957347
157,1/8/2014 12:00,Jack's Magical Beans,3.96,5.0,Isak,Baza,36.04802344,24.87957178
158,1/8/2014 12:00,Brewed Awakenings,12.32,7.0,Isande,Borrasca,36.0480249,24.87956621
159,1/8/2014 12:00,Bean There Done That,8.06,9.0,Axel,Calzas,36.06069722,24.87617421
160,1/8/2014 12:00,Brewed Awakenings,15.03,10.0,Ada,Campo-Corrente,36.04802263,24.87956899
161,1/8/2014 12:00,Bean There Done That,94.96,11.0,Gustav,Cazar,36.04802141,24.87957091
162,1/8/2014 12:00,Jack's Magical Beans,18.78,28.0,Elsa,Orilla,36.04803055,24.87957285
163,1/8/2014 13:12,Hippokampos,26.55,10.0,Ada,Campo-Corrente,36.076658200000004,24.85757988
164,1/8/2014 13:15,Hippokampos,9.03,34.0,Edvard,Vann,36.06343208,24.85097328
165,1/8/2014 13:19,Chostus Hotel,111.89,33.0,Brand,Tempestad,36.07401084,24.86571798
166,1/8/2014 13:21,Ouzeri Elian,109.73,32.0,Orhan,Strum,36.07073983,24.8951996
167,1/8/2014 13:26,Hippokampos,16.59,6.0,Linnea,Bergen,36.04802487,24.87957038
168,1/8/2014 13:28,Katerina's Cafe,8.53,5.0,Isak,Baza,36.0766561,24.85759926
169,1/8/2014 13:28,Gelatogalore,20.72,21.0,Hennie,Osvaldo,36.05975239,24.85797568
170,1/8/2014 13:32,Guy's Gyros,30.12,17.0,Sven,Flecha,36.06343559,24.85102312
171,1/8/2014 13:34,Abila Zacharo,14.41,2.0,Lars,Azada,36.07666956,24.85759475
172,1/8/2014 13:34,Katerina's Cafe,88.98,26.0,Marin,Onda,36.06583746,24.852387
173,1/8/2014 13:38,Gelatogalore,50.36,22.0,Kanon,Herrero,36.05978233,24.85797859
174,1/8/2014 13:39,Gelatogalore,119.75,23.0,Varja,Lagos,36.05580674,24.90256844
175,1/8/2014 13:40,Guy's Gyros,77.9,15.0,Loreto,Bodrogi,36.06582685,24.85237848
176,1/8/2014 13:41,Katerina's Cafe,26.45,25.0,Adra,Nubarron,36.05449421,24.89997273
177,1/8/2014 13:42,Gelatogalore,35.29,8.0,Nils,Calixto,36.05442391,24.89986767
178,1/8/2014 13:42,Katerina's Cafe,57.04,19.0,Vira,Frente,36.06584735,24.85238662
179,1/8/2014 13:43,Hippokampos,39.8,1.0,Lucas,Alcazar,36.06348736,24.85100399
180,1/8/2014 13:44,Kalami Kafenion,31.96,34.0,Isia,Vann,36.04802318,24.87956601
181,1/8/2014 13:45,Kalami Kafenion,23.82,28.0,Kare,Orilla,36.04802443,24.87956632
182,1/8/2014 13:47,Katerina's Cafe,27.05,9.0,Axel,Calzas,36.04803084,24.87956582
183,1/8/2014 13:48,Hippokampos,28.79,3.0,Felix,Balas,36.04803067,24.87957153
184,1/8/2014 13:48,Gelatogalore,116.72,13.0,Inga,Ferro,36.05573745,24.90251666
185,1/8/2014 13:51,Guy's Gyros,15.86,14.0,Lidelse,Dedos,36.04802393,24.87956877
186,1/8/2014 13:52,Kalami Kafenion,14.77,20.0,Stenig,Fusil,36.04802947,24.87956903
187,1/8/2014 13:53,Abila Zacharo,16.2,19.0,Birgitta,Frente,36.06584735,24.85238662
188,1/8/2014 14:06,Katerina's Cafe,22.94,12.0,Hideki,Cocinaro,36.04802218,24.87957261
189,1/8/2014 19:21,Hippokampos,10.52,2.0,Lars,Azada,36.07526505,24.8563343
190,1/8/2014 19:28,Hippokampos,16.54,7.0,Isande,Borrasca,36.05442479,24.89992658
191,1/8/2014 19:36,Guy's Gyros,15.69,34.0,Isia,Vann,36.07626065,24.87469947
192,1/8/2014 20:00,Katerina's Cafe,13.83,23.0,Linda,Lagos,36.06245579,24.89885543
193,1/8/2014 20:12,Ouzeri Elian,62.2,22.0,Kanon,Herrero,36.05581008,24.90252188
194,1/8/2014 20:15,Guy's Gyros,99.08,23.0,Varja,Lagos,36.06245579,24.89885543
195,1/8/2014 20:27,Katerina's Cafe,33.31,25.0,Adra,Nubarron,36.07292223,24.88404303
196,1/8/2014 20:31,Katerina's Cafe,36.6,8.0,Nils,Calixto,36.07666434,24.85759628
197,1/8/2014 20:42,Katerina's Cafe,92.83,29.0,Bertrand,Ovan,36.05584044,24.90248615
198,1/8/2014 20:45,Albert's Fine Clothing,136.01,3.0,Felix,Balas,36.07669045,24.85763266
199,1/8/2014 20:58,Guy's Gyros,22.91,13.0,Inga,Ferro,36.05443268,24.89990732
200,1/8/2014 21:00,General Grocer,265.84,12.0,Hideki,Cocinaro,36.05577403,24.9025001
201,1/8/2014 21:17,Ouzeri Elian,29.85,5.0,Isak,Baza,36.05947644,24.89482835
202,1/9/2014 7:35,Coffee Cameleon,12.47,6.0,Linnea,Bergen,36.08442265,24.8641785
203,1/9/2014 7:36,Brew've Been Served,70.71,33.0,Brand,Tempestad,36.05409265,24.90118019
204,1/9/2014 7:37,Hallowed Grounds,17.56,26.0,Marin,Onda,36.06366389,24.88592232
205,1/9/2014 7:37,Coffee Cameleon,19.99,29.0,Bertrand,Ovan,36.05847983,24.90105671
206,1/9/2014 7:42,Hallowed Grounds,56.77,12.0,Hideki,Cocinaro,36.06038739,24.90567468
207,1/9/2014 7:48,Brew've Been Served,5.3,17.0,Sven,Flecha,36.06369433,24.88589907
208,1/9/2014 7:50,Hallowed Grounds,34.45,1.0,Lucas,Alcazar,36.085479600000006,24.8603882
209,1/9/2014 7:57,Hallowed Grounds,18.48,19.0,Birgitta,Frente,36.04802937,24.87956556
210,1/9/2014 7:57,Brew've Been Served,5.26,23.0,Linda,Lagos,36.05402919,24.90128163
211,1/9/2014 7:57,Hallowed Grounds,50.25,21.0,Hennie,Osvaldo,36.0541323,24.90126904
212,1/9/2014 8:00,Brew've Been Served,6.61,13.0,Inga,Ferro,36.06158653,24.88476878
213,1/9/2014 8:01,Brew've Been Served,92.12,23.0,Varja,Lagos,36.05402919,24.90128163
214,1/9/2014 8:03,Coffee Cameleon,16.13,25.0,Adra,Nubarron,36.0480317,24.87957185
215,1/9/2014 8:07,Hallowed Grounds,65.68,28.0,Kare,Orilla,36.04803202,24.87956863
216,1/9/2014 8:14,Brew've Been Served,17.64,22.0,Kanon,Herrero,36.04802721,24.87957372
217,1/9/2014 12:00,Bean There Done That,13.0,2.0,Lars,Azada,36.04802106,24.87957021
218,1/9/2014 12:00,Brewed Awakenings,11.76,4.0,Ingrid,Barranco,36.04802647,24.87957329
219,1/9/2014 12:00,Jack's Magical Beans,10.11,5.0,Isak,Baza,36.05445702,24.89987145
220,1/9/2014 12:00,Jack's Magical Beans,6.0,15.0,Loreto,Bodrogi,36.05284419,24.90034811
221,1/9/2014 12:00,Brewed Awakenings,13.16,7.0,Isande,Borrasca,36.04802793,24.879576500000002
222,1/9/2014 12:00,Bean There Done That,4.06,9.0,Axel,Calzas,36.04803195,24.87956563
223,1/9/2014 12:00,Brewed Awakenings,17.66,10.0,Ada,Campo-Corrente,36.04802786,24.87956984
224,1/9/2014 12:00,Jack's Magical Beans,15.55,32.0,Orhan,Strum,36.04802585,24.87957329
225,1/9/2014 13:03,Katerina's Cafe,17.02,6.0,Linnea,Bergen,36.05977577,24.85797703
226,1/9/2014 13:21,Ouzeri Elian,26.09,4.0,Ingrid,Barranco,36.05975567,24.85799118
227,1/9/2014 13:21,Gelatogalore,23.45,34.0,Edvard,Vann,36.06343446,24.85097339
228,1/9/2014 13:21,Guy's Gyros,105.4,34.0,Isia,Vann,36.06343446,24.85097339
229,1/9/2014 13:23,Gelatogalore,8.6,5.0,Isak,Baza,36.04802238,24.87956663
230,1/9/2014 13:23,Gelatogalore,56.74,7.0,Isande,Borrasca,36.05576914,24.9025093
231,1/9/2014 13:23,Ouzeri Elian,22.4,20.0,Stenig,Fusil,36.05973542,24.85801105
232,1/9/2014 13:27,Kalami Kafenion,110.76,19.0,Vira,Frente,36.05102115,24.87519024
233,1/9/2014 13:27,Katerina's Cafe,25.85,32.0,Orhan,Strum,36.07669852,24.85762335
234,1/9/2014 13:35,Katerina's Cafe,10.42,15.0,Loreto,Bodrogi,36.04802774,24.8795715
235,1/9/2014 13:35,Gelatogalore,23.23,23.0,Linda,Lagos,36.07664999,24.85759813
236,1/9/2014 13:36,Hippokampos,27.93,33.0,Brand,Tempestad,36.04802876,24.8795764
237,1/9/2014 13:38,Kalami Kafenion,18.14,17.0,Sven,Flecha,36.05579335,24.90248346
238,1/9/2014 13:40,Abila Zacharo,20.73,14.0,Lidelse,Dedos,36.0544519,24.89989948
239,1/9/2014 13:41,Abila Zacharo,89.41,1.0,Lucas,Alcazar,36.05581547,24.90247033
240,1/9/2014 13:41,Hippokampos,8.43,3.0,Felix,Balas,36.04802448,24.8795687
241,1/9/2014 13:43,Guy's Gyros,74.91,2.0,Lars,Azada,36.07662325,24.85762627
242,1/9/2014 13:44,Guy's Gyros,15.0,19.0,Birgitta,Frente,36.04803248,24.87957527
243,1/9/2014 13:47,Abila Zacharo,48.39,22.0,Kanon,Herrero,36.04802353,24.87956969
244,1/9/2014 13:51,Hippokampos,13.84,26.0,Marin,Onda,36.06342076,24.85099445
245,1/9/2014 13:53,Hippokampos,16.65,25.0,Adra,Nubarron,36.07669743,24.85758717
246,1/9/2014 14:04,Ouzeri Elian,32.89,12.0,Hideki,Cocinaro,36.06345993,24.85097626
247,1/9/2014 14:13,Guy's Gyros,17.44,29.0,Bertrand,Ovan,36.04802483,24.87957033
248,1/9/2014 14:15,Abila Zacharo,14.37,13.0,Inga,Ferro,36.04802351,24.87956913
249,1/9/2014 19:30,Katerina's Cafe,26.6,29.0,Bertrand,Ovan,36.05503275,24.90187549
250,1/9/2014 19:32,Frydos Autosupply n' More,138.02,23.0,Varja,Lagos,36.05579684,24.90246603
251,1/9/2014 19:41,Guy's Gyros,31.81,34.0,Isia,Vann,36.07662277,24.85758408
252,1/9/2014 19:43,Ouzeri Elian,31.07,28.0,Elsa,Orilla,36.0595042,24.89477447
253,1/9/2014 19:52,Guy's Gyros,29.96,20.0,Stenig,Fusil,36.05452587,24.8999016
254,1/9/2014 20:05,Hippokampos,15.02,7.0,Isande,Borrasca,36.05575271,24.90255574
255,1/9/2014 20:15,Hippokampos,70.68,9.0,Axel,Calzas,36.07528973,24.85631535
256,1/9/2014 20:19,General Grocer,285.34,34.0,Edvard,Vann,36.07662454,24.85758617
257,1/9/2014 20:20,Katerina's Cafe,91.14,21.0,Hennie,Osvaldo,36.05574597,24.90246824
258,1/9/2014 20:23,Guy's Gyros,8.23,8.0,Nils,Calixto,36.08430917,24.85643643
259,1/9/2014 20:29,Guy's Gyros,23.34,6.0,Linnea,Bergen,36.08443014,24.8641805
260,1/9/2014 20:39,Guy's Gyros,35.05,17.0,Sven,Flecha,36.05448552,24.89988665
261,1/9/2014 21:38,Hippokampos,10.12,3.0,Felix,Balas,36.06583172,24.84981328
262,1/10/2014 7:35,Brew've Been Served,15.85,20.0,Stenig,Fusil,36.05406938,24.90120324
263,1/10/2014 7:40,Coffee Cameleon,8.51,6.0,Linnea,Bergen,36.07335068,24.86419044
264,1/10/2014 7:41,Hallowed Grounds,12.03,14.0,Lidelse,Dedos,36.05411513,24.90116811
265,1/10/2014 7:41,Hallowed Grounds,8.34,19.0,Birgitta,Frente,36.04995082,24.88116544
266,1/10/2014 7:41,Hallowed Grounds,11.49,26.0,Marin,Onda,36.06370892,24.88594502
267,1/10/2014 7:45,Brew've Been Served,5.01,23.0,Varja,Lagos,36.06248732,24.89884682
268,1/10/2014 7:45,Hallowed Grounds,11.38,28.0,Kare,Orilla,36.05469059,24.88980572
269,1/10/2014 7:47,Coffee Cameleon,11.54,29.0,Bertrand,Ovan,36.05403808,24.90123686
270,1/10/2014 7:48,Brew've Been Served,13.32,21.0,Hennie,Osvaldo,36.05410256,24.90125237
271,1/10/2014 7:49,Hallowed Grounds,10.34,8.0,Nils,Calixto,36.08176442,24.85094944
272,1/10/2014 7:49,Brew've Been Served,89.93,33.0,Brand,Tempestad,36.05409397,24.90124248
273,1/10/2014 7:50,Hallowed Grounds,10.76,12.0,Hideki,Cocinaro,36.05410587,24.9012268
274,1/10/2014 7:54,Brew've Been Served,83.44,17.0,Sven,Flecha,36.04803005,24.87957622
275,1/10/2014 8:01,Brew've Been Served,5.89,22.0,Kanon,Herrero,36.0480289,24.87957065
276,1/10/2014 8:09,Brew've Been Served,14.45,15.0,Loreto,Bodrogi,36.04802576,24.87956836
277,1/10/2014 8:09,Brew've Been Served,3.03,13.0,Inga,Ferro,36.04802429,24.87957625
278,1/10/2014 8:11,Coffee Cameleon,13.25,25.0,Adra,Nubarron,36.04802232,24.87957544
279,1/10/2014 8:20,Brew've Been Served,14.36,23.0,Linda,Lagos,36.05152233,24.89871398
280,1/10/2014 12:00,Bean There Done That,15.39,2.0,Lars,Azada,36.04802153,24.87956801
281,1/10/2014 12:00,Bean There Done That,3.92,3.0,Felix,Balas,36.04802452,24.87957678
282,1/10/2014 12:00,Brewed Awakenings,13.82,4.0,Ingrid,Barranco,36.06210221,24.850968899999998
283,1/10/2014 12:00,Jack's Magical Beans,15.69,5.0,Isak,Baza,36.04802757,24.87957513
284,1/10/2014 12:00,Brewed Awakenings,6.17,7.0,Isande,Borrasca,36.04802394,24.87957335
285,1/10/2014 12:00,Bean There Done That,13.41,9.0,Axel,Calzas,36.04803179,24.87957341
286,1/10/2014 12:00,Brewed Awakenings,13.9,10.0,Ada,Campo-Corrente,36.04803041,24.87957662
287,1/10/2014 12:00,Bean There Done That,18.67,11.0,Gustav,Cazar,36.04802346,24.87956932
288,1/10/2014 12:00,Bean There Done That,9.3,19.0,Vira,Frente,36.04803159,24.879568300000003
289,1/10/2014 12:00,Jack's Magical Beans,8.22,35.0,Willem,Vasco-Pais,36.05415751,24.90813839
290,1/10/2014 13:08,Chostus Hotel,133.25,33.0,Brand,Tempestad,36.07668859,24.85760165
291,1/10/2014 13:12,Guy's Gyros,36.44,32.0,Orhan,Strum,36.07066866,24.89525107
292,1/10/2014 13:16,Ouzeri Elian,30.71,1.0,Lucas,Alcazar,36.05973349,24.8580715
293,1/10/2014 13:20,Hippokampos,79.26,34.0,Edvard,Vann,36.07667360000001,24.85763533
294,1/10/2014 13:25,Guy's Gyros,26.76,20.0,Stenig,Fusil,36.05194304,24.87080378
295,1/10/2014 13:27,Guy's Gyros,15.93,6.0,Linnea,Bergen,36.04802589,24.87957415
296,1/10/2014 13:29,Abila Zacharo,113.33,5.0,Isak,Baza,36.05153421,24.89862361
297,1/10/2014 13:30,Katerina's Cafe,34.76,4.0,Ingrid,Barranco,36.06344618,24.85103525
298,1/10/2014 13:30,Kalami Kafenion,35.69,23.0,Varja,Lagos,36.06584051,24.85237566
299,1/10/2014 13:35,Gelatogalore,26.15,2.0,Lars,Azada,36.05581586,24.90246792
300,1/10/2014 13:35,Ouzeri Elian,35.24,15.0,Loreto,Bodrogi,36.05443333,24.89990868
301,1/10/2014 13:35,Kalami Kafenion,101.5,28.0,Elsa,Orilla,36.05972519,24.85799875
302,1/10/2014 13:36,Katerina's Cafe,25.36,34.0,Isia,Vann,36.07667360000001,24.85763533
303,1/10/2014 13:40,Hippokampos,32.01,35.0,Willem,Vasco-Pais,36.0480572,24.87957549
304,1/10/2014 13:44,Guy's Gyros,38.15,23.0,Linda,Lagos,36.06584051,24.85237566
305,1/10/2014 13:44,Ouzeri Elian,20.46,21.0,Hennie,Osvaldo,36.06584879,24.85237603
306,1/10/2014 13:47,Guy's Gyros,31.5,3.0,Felix,Balas,36.04803272,24.87956585
307,1/10/2014 13:47,Katerina's Cafe,25.62,19.0,Vira,Frente,36.04803215,24.87956613
308,1/10/2014 13:47,Katerina's Cafe,24.33,25.0,Adra,Nubarron,36.0519375,24.87677724
309,1/10/2014 13:50,Ouzeri Elian,15.25,9.0,Axel,Calzas,36.04802848,24.87956755
310,1/10/2014 13:52,Guy's Gyros,31.05,11.0,Gustav,Cazar,36.05451124,24.8999157
311,1/10/2014 13:59,Abila Zacharo,8.22,14.0,Lidelse,Dedos,36.048023,24.87956547
312,1/10/2014 14:01,Abila Zacharo,16.12,28.0,Kare,Orilla,36.05972519,24.85799875
313,1/10/2014 14:03,Abila Zacharo,36.38,13.0,Inga,Ferro,36.06348935,24.85103497
314,1/10/2014 14:08,Katerina's Cafe,77.62,12.0,Hideki,Cocinaro,36.06348173,24.85103178
315,1/10/2014 18:52,Ouzeri Elian,19.92,5.0,Isak,Baza,36.08549126,24.86039779
316,1/10/2014 18:57,Frydos Autosupply n' More,98.39,8.0,Nils,Calixto,36.08424799,24.85638482
317,1/10/2014 19:45,Guy's Gyros,23.61,20.0,Stenig,Fusil,36.05448643,24.89995672
318,1/10/2014 19:54,Guy's Gyros,27.78,34.0,Edvard,Vann,36.07624031,24.87469355
319,1/10/2014 19:56,Katerina's Cafe,21.89,29.0,Bertrand,Ovan,36.05583771,24.9025328
320,1/10/2014 20:11,Albert's Fine Clothing,126.13,19.0,Vira,Frente,36.06593773,24.90100714
321,1/10/2014 20:20,Guy's Gyros,35.54,12.0,Hideki,Cocinaro,36.05283308,24.86857437
322,1/11/2014 13:43,Katerina's Cafe,71.65,23.0,Varja,Lagos,36.07527994,24.85632576
323,1/11/2014 13:50,Katerina's Cafe,23.45,11.0,Gustav,Cazar,36.06584556,24.85237445
324,1/11/2014 13:51,Abila Zacharo,32.02,6.0,Linnea,Bergen,36.08444319,24.864218
325,1/11/2014 19:08,Katerina's Cafe,55.67,19.0,Birgitta,Frente,36.05576529,24.90252807
326,1/11/2014 19:17,Kalami Kafenion,23.86,13.0,Inga,Ferro,36.05445744,24.89989768
327,1/11/2014 19:21,Ouzeri Elian,69.36,5.0,Isak,Baza,36.05783335,24.89972952
328,1/11/2014 19:26,Hippokampos,66.21,4.0,Ingrid,Barranco,36.06138719,24.87762624
329,1/11/2014 19:27,Albert's Fine Clothing,105.33,32.0,Orhan,Strum,36.07669204,24.85762054
330,1/11/2014 19:27,Hippokampos,32.63,33.0,Brand,Tempestad,36.07663759,24.85756868
331,1/11/2014 19:31,Katerina's Cafe,33.18,25.0,Adra,Nubarron,36.05442716,24.89990751
332,1/11/2014 19:33,Hippokampos,11.13,9.0,Axel,Calzas,36.076636900000004,24.857614399999996
333,1/11/2014 19:40,Katerina's Cafe,57.36,7.0,Isande,Borrasca,36.05445256,24.8999628
334,1/11/2014 19:50,Katerina's Cafe,12.55,8.0,Nils,Calixto,36.08423126,24.85642276
335,1/11/2014 19:53,Hippokampos,67.37,3.0,Felix,Balas,36.07821184,24.87213056
336,1/11/2014 20:13,Katerina's Cafe,9.78,21.0,Hennie,Osvaldo,36.06468995,24.87248139
337,1/11/2014 20:15,Frydos Autosupply n' More,114.98,29.0,Bertrand,Ovan,36.05492215,24.901770499999998
338,1/11/2014 20:23,Hippokampos,70.23,2.0,Lars,Azada,36.08664577,24.85757681
339,1/12/2014 13:25,Hippokampos,12.55,25.0,Adra,Nubarron,36.05197413,24.87077338
340,1/12/2014 13:30,Ouzeri Elian,72.32,26.0,Marin,Onda,36.06583765,24.85237096
341,1/12/2014 13:32,Ouzeri Elian,117.22,32.0,Orhan,Strum,36.06345403,24.85102601
342,1/12/2014 13:52,Kalami Kafenion,54.36,7.0,Isande,Borrasca,36.07663258,24.85762794
343,1/12/2014 13:55,Kalami Kafenion,14.59,28.0,Kare,Orilla,36.05286408,24.86861372
344,1/12/2014 15:49,Albert's Fine Clothing,195.81,25.0,Adra,Nubarron,36.07298368,24.88403356
345,1/12/2014 19:22,Hippokampos,27.15,11.0,Gustav,Cazar,36.05575055,24.90247292
346,1/12/2014 19:32,Guy's Gyros,34.41,15.0,Loreto,Bodrogi,36.05581048,24.90250853
347,1/12/2014 19:44,Hippokampos,26.79,10.0,Ada,Campo-Corrente,36.0842063,24.85896939
348,1/12/2014 19:47,Katerina's Cafe,17.36,28.0,Kare,Orilla,36.05450505,24.89997943
349,1/12/2014 19:50,Gelatogalore,36.2,22.0,Kanon,Herrero,36.05850279,24.90096832
350,1/12/2014 19:58,Albert's Fine Clothing,63.36,9.0,Axel,Calzas,36.07683696,24.86587174
351,1/12/2014 20:12,Katerina's Cafe,15.37,21.0,Hennie,Osvaldo,36.05843937,24.90097622
352,1/12/2014 20:38,Hippokampos,63.32,4.0,Ingrid,Barranco,36.067303100000004,24.87793244
353,1/13/2014 7:38,Brew've Been Served,8.04,17.0,Sven,Flecha,36.08181896,24.85088626
354,1/13/2014 7:40,Coffee Cameleon,19.93,29.0,Bertrand,Ovan,36.05847986,24.90100495
355,1/13/2014 7:40,Brew've Been Served,8.0,33.0,Brand,Tempestad,36.05407319,24.90125749
356,1/13/2014 7:42,Hallowed Grounds,3.02,26.0,Marin,Onda,36.06366104,24.88591193
357,1/13/2014 7:43,Brew've Been Served,24.18,20.0,Stenig,Fusil,36.06367153,24.88593748
358,1/13/2014 7:43,Hallowed Grounds,13.68,28.0,Kare,Orilla,36.05276709,24.8863561
359,1/13/2014 7:44,Hallowed Grounds,5.85,21.0,Hennie,Osvaldo,36.0540975,24.90116639
360,1/13/2014 7:54,Hallowed Grounds,19.18,12.0,Hideki,Cocinaro,36.06037772,24.90557452
361,1/13/2014 7:57,Brew've Been Served,78.23,23.0,Varja,Lagos,36.05406283,24.90123929
362,1/13/2014 8:00,Brew've Been Served,13.37,23.0,Linda,Lagos,36.05406283,24.90123929
363,1/13/2014 8:01,Kronos Mart,159.06,20.0,Stenig,Fusil,36.04802986,24.87956977
364,1/13/2014 8:02,Coffee Cameleon,4.88,6.0,Linnea,Bergen,36.05782487,24.87616868
365,1/13/2014 8:07,Brew've Been Served,11.49,22.0,Kanon,Herrero,36.04802265,24.87957494
366,1/13/2014 8:12,Coffee Cameleon,17.76,25.0,Adra,Nubarron,36.04802183,24.87957194
367,1/13/2014 8:22,Brew've Been Served,6.69,13.0,Inga,Ferro,36.04802202,24.87957567
368,1/13/2014 12:00,Bean There Done That,7.93,2.0,Lars,Azada,36.04802636,24.87956991
369,1/13/2014 12:00,Bean There Done That,98.02,3.0,Felix,Balas,36.04802508,24.87957221
370,1/13/2014 12:00,Brewed Awakenings,12.69,4.0,Ingrid,Barranco,36.04802915,24.87956497
371,1/13/2014 12:00,Jack's Magical Beans,18.31,5.0,Isak,Baza,36.07667866,24.85756562
372,1/13/2014 12:00,Brewed Awakenings,56.4,7.0,Isande,Borrasca,36.04802459,24.87956873
373,1/13/2014 12:00,Bean There Done That,19.56,9.0,Axel,Calzas,36.04802984,24.87957587
374,1/13/2014 12:00,Brewed Awakenings,16.25,10.0,Ada,Campo-Corrente,36.04802893,24.87957296
375,1/13/2014 12:00,Bean There Done That,5.54,11.0,Gustav,Cazar,36.04802126,24.87957188
376,1/13/2014 12:00,Bean There Done That,10.37,14.0,Lidelse,Dedos,36.05012892,24.900415600000002
377,1/13/2014 12:00,Bean There Done That,15.24,19.0,Birgitta,Frente,36.04802533,24.87957666
378,1/13/2014 12:00,Bean There Done That,18.59,19.0,Vira,Frente,36.04802533,24.87957666
379,1/13/2014 12:00,Jack's Magical Beans,9.64,32.0,Orhan,Strum,36.04802817,24.87957492
380,1/13/2014 12:00,Jack's Magical Beans,17.52,35.0,Willem,Vasco-Pais,36.05854164,24.88091989
381,1/13/2014 13:03,Gelatogalore,32.83,32.0,Orhan,Strum,36.06345428,24.85098266
382,1/13/2014 13:18,U-Pump,55.25,1.0,Lucas,Alcazar,36.05973374,24.85805157
383,1/13/2014 13:19,Gelatogalore,46.45,10.0,Ada,Campo-Corrente,36.06349268,24.85097804
384,1/13/2014 13:20,Abila Zacharo,79.95,20.0,Stenig,Fusil,36.0544432,24.89994547
385,1/13/2014 13:21,Abila Zacharo,64.5,22.0,Kanon,Herrero,36.05448817,24.89989688
386,1/13/2014 13:24,Hippokampos,35.73,6.0,Linnea,Bergen,36.0557602,24.90248873
387,1/13/2014 13:27,Abila Zacharo,8.72,33.0,Brand,Tempestad,36.05192849,24.87078767
388,1/13/2014 13:28,Hippokampos,30.51,1.0,Lucas,Alcazar,36.05973374,24.85805157
389,1/13/2014 13:33,Guy's Gyros,27.49,7.0,Isande,Borrasca,36.05451896,24.89994737
390,1/13/2014 13:34,Katerina's Cafe,26.15,5.0,Isak,Baza,36.07667813,24.85759101
391,1/13/2014 13:34,Abila Zacharo,27.3,11.0,Gustav,Cazar,36.05584039,24.90251944
392,1/13/2014 13:34,Hippokampos,59.9,34.0,Isia,Vann,36.05583686,24.90256233
393,1/13/2014 13:36,Katerina's Cafe,17.21,21.0,Hennie,Osvaldo,36.04802661,24.87956935
394,1/13/2014 13:37,Ouzeri Elian,95.03,34.0,Edvard,Vann,36.05583686,24.90256233
395,1/13/2014 13:39,Guy's Gyros,37.37,25.0,Adra,Nubarron,36.051931599999996,24.87081543
396,1/13/2014 13:40,Katerina's Cafe,8.29,14.0,Lidelse,Dedos,36.0634786,24.85099058
397,1/13/2014 13:41,Gelatogalore,36.93,2.0,Lars,Azada,36.06343514,24.85102149
398,1/13/2014 13:42,Abila Zacharo,11.99,3.0,Felix,Balas,36.05668183,24.86543899
399,1/13/2014 13:48,Abila Zacharo,116.32,15.0,Loreto,Bodrogi,36.0502105,24.879579500000002
400,1/13/2014 13:48,Ouzeri Elian,8.32,26.0,Marin,Onda,36.05444091,24.89989773
401,1/13/2014 13:48,Katerina's Cafe,24.26,28.0,Kare,Orilla,36.05447364,24.89995338
402,1/13/2014 13:50,Hippokampos,91.97,17.0,Sven,Flecha,36.07663755,24.85760838
403,1/13/2014 13:51,Abila Zacharo,17.41,13.0,Inga,Ferro,36.04802366,24.87957194
404,1/13/2014 13:51,Guy's Gyros,21.03,23.0,Linda,Lagos,36.04802258,24.87956795
405,1/13/2014 13:52,Katerina's Cafe,29.55,29.0,Bertrand,Ovan,36.05578315,24.90255892
406,1/13/2014 14:04,Hippokampos,25.09,19.0,Birgitta,Frente,36.04802598,24.87957346
407,1/13/2014 19:27,Shoppers' Delight,216.43,15.0,Loreto,Bodrogi,36.05575414,24.90252051
408,1/13/2014 19:59,Frydos Autosupply n' More,64.6,23.0,Linda,Lagos,36.06251342,24.89888007
409,1/13/2014 20:09,Guy's Gyros,22.34,34.0,Isia,Vann,36.07666746,24.85757511
410,1/13/2014 20:11,Guy's Gyros,20.47,34.0,Edvard,Vann,36.07666746,24.85757511
411,1/13/2014 20:24,Katerina's Cafe,35.7,25.0,Adra,Nubarron,36.0544452,24.89989006
412,1/13/2014 20:35,Albert's Fine Clothing,288.0,4.0,Ingrid,Barranco,36.06736498,24.87795137
413,1/13/2014 20:42,Albert's Fine Clothing,49.48,11.0,Gustav,Cazar,36.05580436,24.90257848
414,1/13/2014 20:44,Guy's Gyros,15.55,33.0,Brand,Tempestad,36.06775606,24.90245333
415,1/13/2014 21:12,Hippokampos,31.47,10.0,Ada,Campo-Corrente,36.08419372,24.85902288
416,1/14/2014 7:31,Brew've Been Served,4.72,34.0,Edvard,Vann,36.04803176,24.87957007
417,1/14/2014 7:35,Hallowed Grounds,10.75,8.0,Nils,Calixto,36.08172151,24.85096061
418,1/14/2014 7:35,Brew've Been Served,7.31,34.0,Isia,Vann,36.04803176,24.87957007
419,1/14/2014 7:37,Coffee Cameleon,9.8,29.0,Bertrand,Ovan,36.05682076,24.90145187
420,1/14/2014 7:40,Brew've Been Served,5.87,33.0,Brand,Tempestad,36.04856973,24.87957544
421,1/14/2014 7:42,Hallowed Grounds,4.59,26.0,Marin,Onda,36.06925829,24.88420389
422,1/14/2014 7:45,Hallowed Grounds,13.0,12.0,Hideki,Cocinaro,36.05409885,24.90124705
423,1/14/2014 7:45,Brew've Been Served,10.96,23.0,Varja,Lagos,36.07821225,24.87212202
424,1/14/2014 7:45,Brew've Been Served,16.53,21.0,Hennie,Osvaldo,36.05412645,24.90117196
425,1/14/2014 7:48,Brew've Been Served,6.45,15.0,Loreto,Bodrogi,36.04856911,24.87956751
426,1/14/2014 7:53,Coffee Cameleon,15.63,6.0,Linnea,Bergen,36.06965304,24.86974483
427,1/14/2014 7:53,Brew've Been Served,8.24,17.0,Sven,Flecha,36.063639,24.88586605
428,1/14/2014 7:53,Brew've Been Served,3.66,20.0,Stenig,Fusil,36.05038518,24.89280661
429,1/14/2014 7:54,Hallowed Grounds,19.99,14.0,Lidelse,Dedos,36.05408974,24.90125853
430,1/14/2014 7:54,Hallowed Grounds,50.21,19.0,Birgitta,Frente,36.05407564,24.90116515
431,1/14/2014 7:56,Coffee Cameleon,7.84,25.0,Adra,Nubarron,36.04802612,24.87956553
432,1/14/2014 7:58,Brew've Been Served,11.94,13.0,Inga,Ferro,36.0615543,24.88474039
433,1/14/2014 8:03,Brew've Been Served,3.21,22.0,Kanon,Herrero,36.04802194,24.87956934
434,1/14/2014 8:12,Hallowed Grounds,39.52,28.0,Kare,Orilla,36.048030700000005,24.879567899999998
435,1/14/2014 8:13,Brew've Been Served,11.53,23.0,Linda,Lagos,36.07336116,24.86417651
436,1/14/2014 8:20,Kronos Mart,58.85,5.0,Isak,Baza,36.04802279,24.87957278
437,1/14/2014 12:00,Bean There Done That,7.28,2.0,Lars,Azada,36.05545882,24.876204
438,1/14/2014 12:00,Bean There Done That,19.37,3.0,Felix,Balas,36.04802504,24.87957479
439,1/14/2014 12:00,Brewed Awakenings,17.14,4.0,Ingrid,Barranco,36.048030499999996,24.87957115
440,1/14/2014 12:00,Brewed Awakenings,8.3,7.0,Isande,Borrasca,36.04802743,24.87957477
441,1/14/2014 12:00,Bean There Done That,14.56,9.0,Axel,Calzas,36.04802649,24.8795693
442,1/14/2014 12:00,Brewed Awakenings,11.35,10.0,Ada,Campo-Corrente,36.04802662,24.8795745
443,1/14/2014 12:00,Bean There Done That,67.82,11.0,Gustav,Cazar,36.04802889,24.87957534
444,1/14/2014 12:00,Bean There Done That,5.9,19.0,Vira,Frente,36.04802924,24.87957272
445,1/14/2014 13:14,Katerina's Cafe,29.12,32.0,Orhan,Strum,36.07062983,24.89523729
446,1/14/2014 13:17,Hippokampos,36.01,6.0,Linnea,Bergen,36.07069274,24.89526281
447,1/14/2014 13:21,Chostus Hotel,113.08,33.0,Brand,Tempestad,36.05452656,24.89991225
448,1/14/2014 13:22,Katerina's Cafe,10.03,19.0,Vira,Frente,36.06343413,24.85102991
449,1/14/2014 13:24,Kalami Kafenion,17.38,3.0,Felix,Balas,36.07669256,24.85757366
450,1/14/2014 13:24,Kalami Kafenion,15.15,10.0,Ada,Campo-Corrente,36.06582604,24.85237311
451,1/14/2014 13:25,Hippokampos,23.69,4.0,Ingrid,Barranco,36.05192066,24.87081903
452,1/14/2014 13:32,Gelatogalore,27.26,17.0,Sven,Flecha,36.05578658,24.90252152
453,1/14/2014 13:32,Gelatogalore,32.82,25.0,Adra,Nubarron,36.06343025,24.85101919
454,1/14/2014 13:32,Katerina's Cafe,20.95,34.0,Isia,Vann,36.05979024,24.85804926
455,1/14/2014 13:33,Gelatogalore,39.17,35.0,Willem,Vasco-Pais,36.0480308,24.87956933
456,1/14/2014 13:34,Katerina's Cafe,29.1,34.0,Edvard,Vann,36.05979024,24.85804926
457,1/14/2014 13:35,Abila Zacharo,31.09,23.0,Linda,Lagos,36.06349309,24.85102251
458,1/14/2014 13:36,Guy's Gyros,13.27,2.0,Lars,Azada,36.05663921,24.86996646
459,1/14/2014 13:37,Hippokampos,19.07,15.0,Loreto,Bodrogi,36.054453499999994,24.89995949
460,1/14/2014 13:37,Abila Zacharo,10.24,26.0,Marin,Onda,36.06584816,24.85237372
461,1/14/2014 13:38,Abila Zacharo,8.41,20.0,Stenig,Fusil,36.06205668,24.85475275
462,1/14/2014 13:40,Ouzeri Elian,107.32,23.0,Varja,Lagos,36.06349309,24.85102251
463,1/14/2014 13:41,Ouzeri Elian,79.58,5.0,Isak,Baza,36.04802134,24.87957642
464,1/14/2014 13:41,Katerina's Cafe,75.46,29.0,Bertrand,Ovan,36.0766329,24.85761511
465,1/14/2014 13:42,Hippokampos,98.81,8.0,Nils,Calixto,36.05972488,24.85799258
466,1/14/2014 13:42,Kalami Kafenion,23.1,28.0,Kare,Orilla,36.05449555,24.89988419
467,1/14/2014 13:44,Guy's Gyros,16.35,14.0,Lidelse,Dedos,36.07400133,24.86569149
468,1/14/2014 13:49,Gelatogalore,70.98,9.0,Axel,Calzas,36.04802816,24.87957619
469,1/14/2014 13:49,Guy's Gyros,38.26,19.0,Birgitta,Frente,36.04802621,24.87956874
470,1/14/2014 13:51,Kalami Kafenion,15.27,11.0,Gustav,Cazar,36.05193323,24.87076418
471,1/14/2014 13:51,Ouzeri Elian,62.3,12.0,Hideki,Cocinaro,36.054519,24.89998016
472,1/14/2014 13:58,Katerina's Cafe,33.54,13.0,Inga,Ferro,36.04802448,24.87957508
473,1/14/2014 13:59,Guy's Gyros,50.4,22.0,Kanon,Herrero,36.04802993,24.87957484
474,1/14/2014 19:44,Hippokampos,39.64,2.0,Lars,Azada,36.07522123,24.85627378
475,1/14/2014 20:01,Guy's Gyros,23.59,34.0,Edvard,Vann,36.07668703,24.85764247
476,1/14/2014 20:26,Katerina's Cafe,12.65,14.0,Lidelse,Dedos,36.05575102,24.90256511
477,1/14/2014 20:29,Guy's Gyros,25.28,13.0,Inga,Ferro,36.0544859,24.89988975
478,1/14/2014 20:34,Katerina's Cafe,11.89,28.0,Kare,Orilla,36.05947909,24.89476562
479,1/14/2014 20:41,Ouzeri Elian,24.06,28.0,Elsa,Orilla,36.05947909,24.89476562
480,1/14/2014 20:50,Katerina's Cafe,25.4,23.0,Linda,Lagos,36.06250881,24.89880864
481,1/15/2014 7:33,Hallowed Grounds,11.98,8.0,Nils,Calixto,36.08426579,24.85644833
482,1/15/2014 7:34,Brew've Been Served,3.71,17.0,Sven,Flecha,36.06367395,24.88589983
483,1/15/2014 7:36,Hallowed Grounds,5.28,19.0,Birgitta,Frente,36.05408913,24.90118802
484,1/15/2014 7:36,Brew've Been Served,15.5,20.0,Stenig,Fusil,36.05404374,24.90120071
485,1/15/2014 7:40,Brew've Been Served,19.87,33.0,Brand,Tempestad,36.05410789,24.9011724
486,1/15/2014 7:44,Hallowed Grounds,12.17,12.0,Hideki,Cocinaro,36.05406765,24.90119921
487,1/15/2014 7:45,Coffee Cameleon,19.93,25.0,Adra,Nubarron,36.06363678,24.88586625
488,1/15/2014 7:45,Brew've Been Served,11.47,21.0,Hennie,Osvaldo,36.05408823,24.90128202
489,1/15/2014 7:48,Brew've Been Served,6.58,13.0,Inga,Ferro,36.05276001,24.88354854
490,1/15/2014 7:49,Brew've Been Served,11.23,22.0,Kanon,Herrero,36.05409421,24.90117673
491,1/15/2014 7:51,Coffee Cameleon,14.47,29.0,Bertrand,Ovan,36.05404833,24.9011956
492,1/15/2014 7:56,Coffee Cameleon,5.49,6.0,Linnea,Bergen,36.04803103,24.87957261
493,1/15/2014 7:58,Brew've Been Served,5.75,23.0,Linda,Lagos,36.0540825,24.90127448
494,1/15/2014 7:58,Brew've Been Served,14.06,23.0,Varja,Lagos,36.0540825,24.90127448
495,1/15/2014 7:59,Hallowed Grounds,14.33,28.0,Kare,Orilla,36.0519501,24.88003638
496,1/15/2014 8:00,Hallowed Grounds,15.27,26.0,Marin,Onda,36.06365111,24.88592138
497,1/15/2014 8:02,Brew've Been Served,15.58,15.0,Loreto,Bodrogi,36.04802585,24.87956697
498,1/15/2014 12:00,Bean There Done That,5.34,3.0,Felix,Balas,36.0480235,24.87956757
499,1/15/2014 12:00,Jack's Magical Beans,11.15,5.0,Isak,Baza,36.04802679,24.87957021
500,1/15/2014 12:00,Brewed Awakenings,91.62,7.0,Isande,Borrasca,36.04802122,24.87957572
501,1/15/2014 12:00,Bean There Done That,93.13,9.0,Axel,Calzas,36.06070951,24.87616741
502,1/15/2014 12:00,Brewed Awakenings,3.62,10.0,Ada,Campo-Corrente,36.05193787,24.87080068
503,1/15/2014 12:00,Bean There Done That,18.96,11.0,Gustav,Cazar,36.04803026,24.87956673
504,1/15/2014 12:00,Bean There Done That,15.24,19.0,Vira,Frente,36.04802306,24.87957641
505,1/15/2014 12:00,Jack's Magical Beans,84.06,32.0,Orhan,Strum,36.07664134,24.85759242
506,1/15/2014 13:08,Kalami Kafenion,22.39,32.0,Orhan,Strum,36.07662396,24.8576347
507,1/15/2014 13:12,Hippokampos,36.7,10.0,Ada,Campo-Corrente,36.051933899999995,24.87077914
508,1/15/2014 13:12,Hippokampos,118.89,33.0,Brand,Tempestad,36.05574144,24.90256588
509,1/15/2014 13:22,Abila Zacharo,31.0,8.0,Nils,Calixto,36.07664453,24.86293229
510,1/15/2014 13:24,Hippokampos,13.0,5.0,Isak,Baza,36.04802647,24.87956977
511,1/15/2014 13:26,Abila Zacharo,23.51,4.0,Ingrid,Barranco,36.07669887,24.85764158
512,1/15/2014 13:27,Katerina's Cafe,55.6,22.0,Kanon,Herrero,36.05193186,24.87079009
513,1/15/2014 13:31,Ouzeri Elian,36.47,11.0,Gustav,Cazar,36.05193794,24.870794600000004
514,1/15/2014 13:35,Kalami Kafenion,26.17,14.0,Lidelse,Dedos,36.05977343,24.85802893
515,1/15/2014 13:39,Hippokampos,8.75,21.0,Hennie,Osvaldo,36.04803068,24.879573399999998
516,1/15/2014 13:41,Hippokampos,82.61,7.0,Isande,Borrasca,36.04802868,24.87957266
517,1/15/2014 13:41,Guy's Gyros,49.34,34.0,Isia,Vann,36.05979969,24.85801917
518,1/15/2014 13:42,Hippokampos,32.4,9.0,Axel,Calzas,36.0480255,24.87956506
519,1/15/2014 13:42,Ouzeri Elian,22.86,12.0,Hideki,Cocinaro,36.05977979,24.858043600000002
520,1/15/2014 13:44,Guy's Gyros,15.89,25.0,Adra,Nubarron,36.05447281,24.89994898
521,1/15/2014 13:45,Abila Zacharo,88.83,3.0,Felix,Balas,36.04802865,24.87956633
522,1/15/2014 13:45,Kalami Kafenion,47.86,19.0,Vira,Frente,36.04803209,24.879576800000002
523,1/15/2014 13:47,Abila Zacharo,20.44,17.0,Sven,Flecha,36.05576453,24.90258487
524,1/15/2014 13:55,Gelatogalore,31.21,15.0,Loreto,Bodrogi,36.04803199,24.87956778
525,1/15/2014 13:58,Gelatogalore,39.4,13.0,Inga,Ferro,36.04802591,24.87956941
526,1/15/2014 13:58,Abila Zacharo,33.8,29.0,Bertrand,Ovan,36.06583389,24.85236556
527,1/15/2014 14:00,Guy's Gyros,25.58,19.0,Birgitta,Frente,36.04803209,24.879576800000002
528,1/15/2014 14:00,Katerina's Cafe,12.12,26.0,Marin,Onda,36.06344516,24.85098552
529,1/15/2014 14:02,Abila Zacharo,24.53,28.0,Kare,Orilla,36.05995008,24.85655806
530,1/15/2014 19:18,Ouzeri Elian,28.86,28.0,Elsa,Orilla,36.05445916,24.89989058
531,1/15/2014 19:53,Guy's Gyros,98.04,23.0,Varja,Lagos,36.05577699,24.90253492
532,1/15/2014 19:55,Hippokampos,13.02,2.0,Lars,Azada,36.07665199,24.85764067
533,1/15/2014 20:02,Guy's Gyros,28.75,34.0,Isia,Vann,36.06042171,24.85657507
534,1/15/2014 20:04,Frydos Autosupply n' More,235.27,33.0,Brand,Tempestad,36.06034419,24.85651058
535,1/15/2014 20:05,Katerina's Cafe,11.45,19.0,Birgitta,Frente,36.05574201,24.90254461
536,1/15/2014 20:10,Hippokampos,35.12,3.0,Felix,Balas,36.07662898,24.85758898
537,1/15/2014 20:10,Shoppers' Delight,162.0,10.0,Ada,Campo-Corrente,36.07664766,24.85763811
538,1/15/2014 20:16,Hippokampos,11.8,4.0,Ingrid,Barranco,36.05197468,24.87077904
539,1/15/2014 20:17,Katerina's Cafe,29.33,23.0,Linda,Lagos,36.06250017,24.89880646
540,1/15/2014 20:23,Katerina's Cafe,39.63,26.0,Marin,Onda,36.06924972,24.884218899999997
541,1/15/2014 20:24,Hippokampos,16.37,9.0,Axel,Calzas,36.07684563,24.86587324
542,1/15/2014 20:33,Frydos Autosupply n' More,18.66,14.0,Lidelse,Dedos,36.05581261,24.90256168
543,1/16/2014 7:34,Brew've Been Served,8.18,34.0,Isia,Vann,36.04803054,24.87957631
544,1/16/2014 7:36,Brew've Been Served,19.9,23.0,Varja,Lagos,36.0625244,24.89877795
545,1/16/2014 7:38,Coffee Cameleon,67.19,29.0,Bertrand,Ovan,36.05407559,24.90124789
546,1/16/2014 7:44,Hallowed Grounds,13.84,8.0,Nils,Calixto,36.06963816,24.87020081
547,1/16/2014 7:44,Hallowed Grounds,18.2,12.0,Hideki,Cocinaro,36.0603443,24.90569385
548,1/16/2014 7:44,Hallowed Grounds,17.74,28.0,Kare,Orilla,36.05192162,24.87973512
549,1/16/2014 7:50,Brew've Been Served,7.31,17.0,Sven,Flecha,36.06362432,24.88590472
550,1/16/2014 7:51,Hallowed Grounds,44.98,19.0,Birgitta,Frente,36.05402165,24.90118441
551,1/16/2014 7:51,Hallowed Grounds,9.6,26.0,Marin,Onda,36.06367526,24.88587257
552,1/16/2014 7:52,Brew've Been Served,12.67,22.0,Kanon,Herrero,36.04802132,24.87957271
553,1/16/2014 7:53,Brew've Been Served,4.7,34.0,Edvard,Vann,36.04803054,24.87957631
554,1/16/2014 7:54,Hallowed Grounds,7.22,14.0,Lidelse,Dedos,36.05402687,24.90124415
555,1/16/2014 7:55,Brew've Been Served,12.83,20.0,Stenig,Fusil,36.06362665,24.88594129
556,1/16/2014 7:56,Brew've Been Served,4.33,33.0,Brand,Tempestad,36.05410027,24.90126482
557,1/16/2014 8:02,Brew've Been Served,5.82,15.0,Loreto,Bodrogi,36.04802691,24.87957376
558,1/16/2014 8:03,Hallowed Grounds,72.61,21.0,Hennie,Osvaldo,36.054058000000005,24.90117625
559,1/16/2014 8:05,Hallowed Grounds,12.19,1.0,Lucas,Alcazar,36.08182504,24.85089934
560,1/16/2014 8:19,Brew've Been Served,16.9,13.0,Inga,Ferro,36.04803062,24.87956963
561,1/16/2014 8:23,Brew've Been Served,11.21,23.0,Linda,Lagos,36.04803267,24.87956584
562,1/16/2014 12:00,Bean There Done That,19.82,2.0,Lars,Azada,36.04802669,24.87956806
563,1/16/2014 12:00,Bean There Done That,12.33,3.0,Felix,Balas,36.04803007,24.87957321
564,1/16/2014 12:00,Brewed Awakenings,17.91,4.0,Ingrid,Barranco,36.04802691,24.87957434
565,1/16/2014 12:00,Jack's Magical Beans,9.12,5.0,Isak,Baza,36.07273271,24.86668614
566,1/16/2014 12:00,Brewed Awakenings,6.53,7.0,Isande,Borrasca,36.04802968,24.87956976
567,1/16/2014 12:00,Bean There Done That,5.56,9.0,Axel,Calzas,36.04802504,24.87956588
568,1/16/2014 12:00,Brewed Awakenings,6.39,10.0,Ada,Campo-Corrente,36.05547759,24.87621264
569,1/16/2014 12:00,Bean There Done That,98.34,11.0,Gustav,Cazar,36.04802279,24.87956889
570,1/16/2014 12:00,Bean There Done That,17.4,19.0,Vira,Frente,36.04803011,24.87956625
571,1/16/2014 12:00,Jack's Magical Beans,14.86,28.0,Elsa,Orilla,36.04802949,24.87957189
572,1/16/2014 12:00,Jack's Magical Beans,12.56,32.0,Orhan,Strum,36.05297998,24.8987701
573,1/16/2014 13:17,Katerina's Cafe,11.08,33.0,Brand,Tempestad,36.06343314,24.85103679
574,1/16/2014 13:19,Katerina's Cafe,27.82,4.0,Ingrid,Barranco,36.07669529,24.85757451
575,1/16/2014 13:22,Abila Zacharo,64.71,22.0,Kanon,Herrero,36.0545006,24.89987982
576,1/16/2014 13:22,Hippokampos,26.15,32.0,Orhan,Strum,36.05444816,24.89989845
577,1/16/2014 13:26,Hippokampos,36.17,5.0,Isak,Baza,36.07663965,24.85757377
578,1/16/2014 13:28,Guy's Gyros,10.27,1.0,Lucas,Alcazar,36.07669721,24.85759708
579,1/16/2014 13:30,Hippokampos,16.53,6.0,Linnea,Bergen,36.07669909,24.857573000000002
580,1/16/2014 13:30,Hippokampos,10.38,7.0,Isande,Borrasca,36.04802533,24.87956776
581,1/16/2014 13:33,Gelatogalore,12.33,35.0,Willem,Vasco-Pais,36.05021705,24.87921337
582,1/16/2014 13:36,Hippokampos,31.14,2.0,Lars,Azada,36.06582285,24.85236507
583,1/16/2014 13:37,Gelatogalore,22.19,21.0,Hennie,Osvaldo,36.04803028,24.87957254
584,1/16/2014 13:39,Abila Zacharo,69.27,34.0,Edvard,Vann,36.05666926,24.86550583
585,1/16/2014 13:42,Guy's Gyros,29.7,13.0,Inga,Ferro,36.05976352,24.85805884
586,1/16/2014 13:43,Hippokampos,14.89,11.0,Gustav,Cazar,36.06346656,24.85096713
587,1/16/2014 13:44,Guy's Gyros,13.48,20.0,Stenig,Fusil,36.05668166,24.87077948
588,1/16/2014 13:44,Hippokampos,18.18,34.0,Isia,Vann,36.04802146,24.87957407
589,1/16/2014 13:45,Ouzeri Elian,12.47,15.0,Loreto,Bodrogi,36.07663305,24.85763679
590,1/16/2014 13:45,Ouzeri Elian,18.27,25.0,Adra,Nubarron,36.07669861,24.85762255
591,1/16/2014 13:47,Abila Zacharo,36.02,12.0,Hideki,Cocinaro,36.05572322,24.90258413
592,1/16/2014 13:48,Kalami Kafenion,91.38,3.0,Felix,Balas,36.0480291,24.87956651
593,1/16/2014 13:48,Gelatogalore,32.4,14.0,Lidelse,Dedos,36.05102123,24.87518958
594,1/16/2014 13:48,Hippokampos,29.93,19.0,Birgitta,Frente,36.05577149,24.90252206
595,1/16/2014 13:48,Kalami Kafenion,11.83,28.0,Kare,Orilla,36.04803216,24.87956732
596,1/16/2014 13:49,Kalami Kafenion,8.86,17.0,Sven,Flecha,36.07668976,24.857639000000002
597,1/16/2014 13:54,Hippokampos,8.07,26.0,Marin,Onda,36.05663955,24.86996005
598,1/16/2014 18:49,Katerina's Cafe,93.68,23.0,Linda,Lagos,36.06244878,24.89882185
599,1/16/2014 19:04,Guy's Gyros,25.57,17.0,Sven,Flecha,36.05446127,24.89993054
600,1/16/2014 19:09,Guy's Gyros,8.31,23.0,Varja,Lagos,36.06244878,24.89882185
601,1/16/2014 19:40,Guy's Gyros,37.8,34.0,Edvard,Vann,36.07666204,24.85756613
602,1/16/2014 19:45,Frydos Autosupply n' More,53.37,14.0,Lidelse,Dedos,36.05581251,24.90253827
603,1/16/2014 19:47,Katerina's Cafe,34.34,29.0,Bertrand,Ovan,36.05580115,24.90246825
604,1/16/2014 20:13,Hippokampos,29.13,11.0,Gustav,Cazar,36.05576456,24.9025744
605,1/16/2014 20:14,Guy's Gyros,111.31,33.0,Brand,Tempestad,36.06772554,24.90253369
606,1/16/2014 20:17,Guy's Gyros,30.76,20.0,Stenig,Fusil,36.05451646,24.89996615
607,1/16/2014 20:23,Katerina's Cafe,13.91,19.0,Birgitta,Frente,36.06288883,24.90306503
608,1/16/2014 20:28,Ouzeri Elian,9.91,1.0,Lucas,Alcazar,36.08544323,24.86038904
609,1/16/2014 20:28,Katerina's Cafe,30.84,21.0,Hennie,Osvaldo,36.05287533,24.86856868
610,1/16/2014 20:35,Guy's Gyros,11.31,12.0,Hideki,Cocinaro,36.06255088,24.89869854
611,1/16/2014 20:42,Hippokampos,114.0,19.0,Vira,Frente,36.06587199,24.90105882
612,1/16/2014 20:45,Shoppers' Delight,160.69,9.0,Axel,Calzas,36.07665366,24.85762258
613,1/16/2014 20:52,Roberts and Sons,240.66,34.0,Isia,Vann,36.07665566,24.85759265
614,1/17/2014 7:29,Brew've Been Served,52.56,17.0,Sven,Flecha,36.06362248,24.88593936
615,1/17/2014 7:31,Hallowed Grounds,3.25,26.0,Marin,Onda,36.06931428,24.884168300000002
616,1/17/2014 7:33,Hallowed Grounds,14.58,8.0,Nils,Calixto,36.08430962,24.85644149
617,1/17/2014 7:38,Coffee Cameleon,10.27,29.0,Bertrand,Ovan,36.05849156,24.90106591
618,1/17/2014 7:39,Hallowed Grounds,15.98,19.0,Birgitta,Frente,36.05462883,24.8897818
619,1/17/2014 7:51,Coffee Cameleon,6.81,6.0,Linnea,Bergen,36.07332868,24.86419582
620,1/17/2014 7:52,Hallowed Grounds,18.6,14.0,Lidelse,Dedos,36.06032708,24.90564686
621,1/17/2014 7:52,Coffee Cameleon,9.16,20.0,Stenig,Fusil,36.05406107,24.90119853
622,1/17/2014 7:56,Hallowed Grounds,9.72,31.0,Sten,Sanjorge Jr.,36.04802144,24.87956675
623,1/17/2014 8:03,Brew've Been Served,13.66,23.0,Varja,Lagos,36.05467589,24.88977321
624,1/17/2014 8:03,Hallowed Grounds,38.22,28.0,Kare,Orilla,36.04803164,24.87957617
625,1/17/2014 8:04,Hallowed Grounds,9.4,1.0,Lucas,Alcazar,36.08179915,24.85089742
626,1/17/2014 8:04,Brew've Been Served,16.62,21.0,Hennie,Osvaldo,36.054339399999996,24.90027429
627,1/17/2014 8:08,Kronos Mart,286.24,2.0,Lars,Azada,36.04852547,24.87957421
628,1/17/2014 8:15,Brew've Been Served,3.09,15.0,Loreto,Bodrogi,36.04802577,24.87957303
629,1/17/2014 8:17,Brew've Been Served,5.29,30.0,Felix,Resumir,36.04802796,24.87956954
630,1/17/2014 8:19,Brew've Been Served,14.58,23.0,Linda,Lagos,36.05275385,24.88557989
631,1/17/2014 8:22,Brew've Been Served,15.46,13.0,Inga,Ferro,36.04802146,24.87957237
632,1/17/2014 8:23,Brew've Been Served,51.04,22.0,Kanon,Herrero,36.04802589,24.87956623
633,1/17/2014 12:00,Bean There Done That,19.67,2.0,Lars,Azada,36.0480253,24.879566600000004
634,1/17/2014 12:00,Bean There Done That,8.21,3.0,Felix,Balas,36.04802991,24.87956687
635,1/17/2014 12:00,Brewed Awakenings,88.69,7.0,Isande,Borrasca,36.04802216,24.87956626
636,1/17/2014 12:00,Bean There Done That,19.56,9.0,Axel,Calzas,36.04803158,24.87957582
637,1/17/2014 12:00,Brewed Awakenings,6.0,10.0,Ada,Campo-Corrente,36.05038831,24.89277453
638,1/17/2014 12:00,Bean There Done That,18.72,11.0,Gustav,Cazar,36.04802909,24.87957119
639,1/17/2014 12:00,Bean There Done That,5.77,19.0,Vira,Frente,36.04803014,24.87956734
640,1/17/2014 13:27,Hippokampos,14.57,34.0,Edvard,Vann,36.06582831,24.85238181
641,1/17/2014 13:28,Abila Zacharo,15.95,31.0,Sten,Sanjorge Jr.,36.04803116,24.879573699999998
642,1/17/2014 13:31,Hippokampos,15.77,20.0,Stenig,Fusil,36.06583067,24.85239307
643,1/17/2014 13:33,Gelatogalore,23.23,3.0,Felix,Balas,36.04803084,24.87956714
644,1/17/2014 13:38,Ouzeri Elian,14.01,2.0,Lars,Azada,36.05669127,24.86050089
645,1/17/2014 13:38,Guy's Gyros,39.14,15.0,Loreto,Bodrogi,36.06342497,24.85101687
646,1/17/2014 13:38,Hippokampos,52.31,22.0,Kanon,Herrero,36.04802101,24.8795758
647,1/17/2014 13:40,Gelatogalore,37.3,26.0,Marin,Onda,36.05972501,24.858056
648,1/17/2014 13:41,Abila Zacharo,14.51,25.0,Adra,Nubarron,36.0597465,24.85807646
649,1/17/2014 13:42,Katerina's Cafe,21.01,29.0,Bertrand,Ovan,36.05578537,24.90255776
650,1/17/2014 13:45,Abila Zacharo,79.67,34.0,Isia,Vann,36.05669225,24.86996454
651,1/17/2014 13:48,Katerina's Cafe,13.11,11.0,Gustav,Cazar,36.06582598,24.852392899999998
652,1/17/2014 13:49,Chostus Hotel,114.22,33.0,Brand,Tempestad,36.04802653,24.87957622
653,1/17/2014 13:51,Kalami Kafenion,20.02,14.0,Lidelse,Dedos,36.04802798,24.87957686
654,1/17/2014 13:51,Gelatogalore,34.59,13.0,Inga,Ferro,36.06582774,24.85237556
655,1/17/2014 13:52,Hippokampos,108.35,19.0,Birgitta,Frente,36.0480216,24.87956744
656,1/17/2014 13:53,Kalami Kafenion,24.21,23.0,Linda,Lagos,36.05451745,24.89997563
657,1/17/2014 13:54,Chostus Hotel,159.62,7.0,Isande,Borrasca,36.04802485,24.8795729
658,1/17/2014 13:55,Guy's Gyros,32.31,30.0,Felix,Resumir,36.04802903,24.87956844
659,1/17/2014 13:57,Gelatogalore,21.62,28.0,Kare,Orilla,36.04802229,24.87957543
660,1/17/2014 13:58,Kalami Kafenion,27.73,12.0,Hideki,Cocinaro,36.059802399999995,24.85802121
661,1/17/2014 19:29,Guy's Gyros,19.68,20.0,Stenig,Fusil,36.05447467,24.89991985
662,1/17/2014 19:40,Ouzeri Elian,38.6,5.0,Isak,Baza,36.05444974,24.89990797
663,1/17/2014 19:53,Guy's Gyros,35.1,34.0,Edvard,Vann,36.07665079,24.85757351
664,1/17/2014 20:03,Hippokampos,8.92,7.0,Isande,Borrasca,36.05445151,24.89989172
665,1/17/2014 20:05,Shoppers' Delight,155.01,17.0,Sven,Flecha,36.06043016,24.85657454
666,1/17/2014 20:20,Katerina's Cafe,19.09,6.0,Linnea,Bergen,36.08443497,24.86419177
667,1/17/2014 20:21,Shoppers' Delight,289.33,22.0,Kanon,Herrero,36.058480100000004,24.90106432
668,1/17/2014 20:24,Guy's Gyros,8.54,15.0,Loreto,Bodrogi,36.05498449,24.90177848
669,1/17/2014 20:24,Katerina's Cafe,72.13,8.0,Nils,Calixto,36.07667185,24.85761344
670,1/17/2014 20:41,General Grocer,98.03,12.0,Hideki,Cocinaro,36.06039484,24.9055792
671,1/18/2014 13:21,Hippokampos,100.11,9.0,Axel,Calzas,36.06583354,24.85237301
672,1/18/2014 13:25,Abila Zacharo,18.45,6.0,Linnea,Bergen,36.06329943,24.852300600000003
673,1/18/2014 13:27,Guy's Gyros,55.21,17.0,Sven,Flecha,36.05580392,24.90247551
674,1/18/2014 13:28,Guy's Gyros,27.4,14.0,Lidelse,Dedos,36.0529704,24.849369199999998
675,1/18/2014 13:34,Ouzeri Elian,25.75,29.0,Bertrand,Ovan,36.06584068,24.85237211
676,1/18/2014 14:17,Kalami Kafenion,53.36,30.0,Felix,Resumir,36.07072848,24.89521084
677,1/18/2014 14:51,Ahaggo Museum,55.55,22.0,Kanon,Herrero,36.06585727,24.849795699999998
678,1/18/2014 15:31,General Grocer,177.6,29.0,Bertrand,Ovan,36.05847055,24.90103589
679,1/18/2014 15:32,Frydos Autosupply n' More,361.54,14.0,Lidelse,Dedos,36.06037978,24.90563627
680,1/18/2014 15:41,Roberts and Sons,62.47,6.0,Linnea,Bergen,36.08446485,24.86421473
681,1/18/2014 15:51,Frydos Autosupply n' More,103.55,9.0,Axel,Calzas,36.06587998,24.84983351
682,1/18/2014 18:39,Frank's Fuel,52.66,3.0,Felix,Balas,36.06324839,24.85229027
683,1/18/2014 19:08,Guy's Gyros,39.68,23.0,Varja,Lagos,36.05451774,24.89993812
684,1/18/2014 19:20,Roberts and Sons,266.69,19.0,Birgitta,Frente,36.05575793,24.90253059
685,1/18/2014 19:35,Hippokampos,27.21,19.0,Vira,Frente,36.05575793,24.90253059
686,1/18/2014 19:36,Abila Zacharo,21.29,34.0,Edvard,Vann,36.0766775,24.8575766
687,1/18/2014 19:39,Kalami Kafenion,71.14,3.0,Felix,Balas,36.0632684,24.852329100000002
688,1/18/2014 19:39,Guy's Gyros,78.36,20.0,Stenig,Fusil,36.05452758,24.89995815
689,1/18/2014 19:42,Hippokampos,63.21,10.0,Ada,Campo-Corrente,36.08414179,24.85897309
690,1/18/2014 19:46,Roberts and Sons,125.35,4.0,Ingrid,Barranco,36.06736653,24.87790967
691,1/18/2014 19:53,Katerina's Cafe,76.1,29.0,Bertrand,Ovan,36.06039216,24.85650922
692,1/18/2014 20:01,Katerina's Cafe,17.37,21.0,Hennie,Osvaldo,36.07669275,24.85759365
693,1/18/2014 20:04,Katerina's Cafe,45.88,23.0,Linda,Lagos,36.06245849,24.89885686
694,1/18/2014 20:09,Katerina's Cafe,19.31,34.0,Isia,Vann,36.07626154,24.87468089
695,1/18/2014 20:11,Hippokampos,72.5,2.0,Lars,Azada,36.08666208,24.85756512
696,1/18/2014 20:13,Katerina's Cafe,9.72,15.0,Loreto,Bodrogi,36.05445741,24.89992798
697,1/19/2014 13:00,Katerina's Cafe,35.01,34.0,Isia,Vann,36.08954785,24.8607627
698,1/19/2014 13:27,Ouzeri Elian,23.65,23.0,Varja,Lagos,36.05443321,24.8998697
699,1/19/2014 14:01,Katerina's Cafe,12.78,26.0,Marin,Onda,36.05448569,24.89990661
700,1/19/2014 15:53,Frydos Autosupply n' More,209.76,34.0,Edvard,Vann,36.08958636,24.86069589
701,1/19/2014 18:54,Katerina's Cafe,72.25,29.0,Bertrand,Ovan,36.05848233,24.90097611
702,1/19/2014 19:43,Hippokampos,48.23,10.0,Ada,Campo-Corrente,36.07663527,24.85757199
703,1/19/2014 19:44,Hippokampos,46.32,19.0,Vira,Frente,36.05576965,24.90247908
704,1/19/2014 19:45,Guy's Gyros,23.21,22.0,Kanon,Herrero,36.05577809,24.90257737
705,1/19/2014 19:45,Frydos Autosupply n' More,98.04,21.0,Hennie,Osvaldo,36.05575824,24.90248923
706,1/19/2014 19:49,Guy's Gyros,100.36,20.0,Stenig,Fusil,36.06331006,24.89649937
707,1/19/2014 20:00,Guy's Gyros,18.08,34.0,Isia,Vann,36.07663134,24.85761901
708,1/19/2014 20:02,Albert's Fine Clothing,254.29,7.0,Isande,Borrasca,36.0621742,24.88987724
709,1/19/2014 20:16,Hippokampos,78.96,2.0,Lars,Azada,36.08663304,24.85765818
710,1/19/2014 20:22,Katerina's Cafe,38.9,19.0,Birgitta,Frente,36.06574451,24.90111828
711,1/19/2014 20:25,Guy's Gyros,20.94,15.0,Loreto,Bodrogi,36.06033956,24.90558706
